PassengerId,Survived,Pclass,Name,Sex,Age,SibSp,Parch,Ticket,Fare,Cabin,Embarked,Title
710,1,3,"Moubarek, Master. Halim Gonios (""William George"")",male,3.0,1,1,2661,15.2458,,C,Master
440,0,2,"Kvillner, Mr. Johan Henrik Johannesson",male,31.0,0,0,C.A. 18723,10.5,,S,Mr
841,0,3,"Alhomaki, Mr. Ilmari Rudolf",male,20.0,0,0,SOTON/O2 3101287,7.925,,S,Mr
721,1,2,"Harper, Miss. Annie Jessie ""Nina""",female,6.0,0,1,248727,33.0,,S,Miss
40,1,3,"Nicola-Yarred, Miss. Jamila",female,14.0,1,0,2651,11.2417,,C,Miss
291,1,1,"Barber, Miss. Ellen ""Nellie""",female,26.0,0,0,19877,78.85,,S,Miss
301,1,3,"Kelly, Miss. Anna Katherine ""Annie Kate""",female,22.0,0,0,9234,7.75,,Q,Miss
334,0,3,"Vander Planke, Mr. Leo Edmondus",male,16.0,2,0,345764,18.0,,S,Mr
209,1,3,"Carr, Miss. Helen ""Ellen""",female,16.0,0,0,367231,7.75,,Q,Miss
137,1,1,"Newsom, Miss. Helen Monypeny",female,19.0,0,2,11752,26.2833,D47,S,Miss
138,0,1,"Futrelle, Mr. Jacques Heath",male,37.0,1,0,113803,53.1,C123,S,Mr
697,0,3,"Kelly, Mr. James",male,44.0,0,0,363592,8.05,,S,Mr
486,0,3,"Lefebre, Miss. Jeannie",female,22.0,3,1,4133,25.4667,,S,Miss
245,0,3,"Attalah, Mr. Sleiman",male,30.0,0,0,2694,7.225,,C,Mr
345,0,2,"Fox, Mr. Stanley Hubert",male,36.0,0,0,229236,13.0,,S,Mr
854,1,1,"Lines, Miss. Mary Conover",female,16.0,0,1,PC 17592,39.4,D28,S,Miss
622,1,1,"Kimball, Mr. Edwin Nelson Jr",male,42.0,1,0,11753,52.5542,D19,S,Mr
654,1,3,"O'Leary, Miss. Hanora ""Norah""",female,22.0,0,0,330919,7.8292,,Q,Miss
887,0,2,"Montvila, Rev. Juozas",male,27.0,0,0,211536,13.0,,S,Rare
111,0,1,"Porter, Mr. Walter Chamberlain",male,47.0,0,0,110465,52.0,C110,S,Mr
295,0,3,"Mineff, Mr. Ivan",male,24.0,0,0,349233,7.8958,,S,Mr
448,1,1,"Seward, Mr. Frederic Kimber",male,34.0,0,0,113794,26.55,,S,Mr
193,1,3,"Andersen-Jensen, Miss. Carla Christine Nielsine",female,19.0,1,0,350046,7.8542,,S,Miss
683,0,3,"Olsvigen, Mr. Thor Anderson",male,20.0,0,0,6563,9.225,,S,Mr
539,0,3,"Risien, Mr. Samuel Beard",male,30.0,0,0,364498,14.5,,S,Mr
820,0,3,"Skoog, Master. Karl Thorsten",male,10.0,3,2,347088,27.9,,S,Master
31,0,1,"Uruchurtu, Don. Manuel E",male,40.0,0,0,PC 17601,27.7208,,C,Rare
674,1,2,"Wilhelms, Mr. Charles",male,31.0,0,0,244270,13.0,,S,Mr
64,0,3,"Skoog, Master. Harald",male,4.0,3,2,347088,27.9,,S,Master
397,0,3,"Olsson, Miss. Elina",female,31.0,0,0,350407,7.8542,,S,Miss
878,0,3,"Petroff, Mr. Nedelio",male,19.0,0,0,349212,7.8958,,S,Mr
142,1,3,"Nysten, Miss. Anna Sofia",female,22.0,0,0,347081,7.75,,S,Miss
794,0,1,"Hoyt, Mr. William Fisher",male,30.0,0,0,PC 17600,30.6958,,C,Mr
236,0,3,"Harknett, Miss. Alice Phoebe",female,22.0,0,0,W./C. 6609,7.55,,S,Miss
205,1,3,"Cohen, Mr. Gurshon ""Gus""",male,18.0,0,0,A/5 3540,8.05,,S,Mr
621,0,3,"Yasbeck, Mr. Antoni",male,27.0,1,0,2659,14.4542,,C,Mr
24,1,1,"Sloper, Mr. William Thompson",male,28.0,0,0,113788,35.5,A6,S,Mr
199,1,3,"Madigan, Miss. Margaret ""Maggie""",female,22.0,0,0,370370,7.75,,Q,Miss
843,1,1,"Serepeca, Miss. Augusta",female,30.0,0,0,113798,31.0,,C,Miss
740,0,3,"Nankoff, Mr. Minko",male,30.0,0,0,349218,7.8958,,S,Mr
121,0,2,"Hickman, Mr. Stanley George",male,21.0,2,0,S.O.C. 14879,73.5,,S,Mr
478,0,3,"Braund, Mr. Lewis Richard",male,29.0,1,0,3460,7.0458,,S,Mr
838,0,3,"Sirota, Mr. Maurice",male,30.0,0,0,392092,8.05,,S,Mr
791,0,3,"Keane, Mr. Andrew ""Andy""",male,30.0,0,0,12460,7.75,,Q,Mr
363,0,3,"Barbara, Mrs. (Catherine David)",female,45.0,0,1,2691,14.4542,,C,Mrs
87,0,3,"Ford, Mr. William Neal",male,16.0,1,3,W./C. 6608,34.375,,S,Mr
68,0,3,"Crease, Mr. Ernest James",male,19.0,0,0,S.P. 3464,8.1583,,S,Mr
351,0,3,"Odahl, Mr. Nils Martin",male,23.0,0,0,7267,9.225,,S,Mr
211,0,3,"Ali, Mr. Ahmed",male,24.0,0,0,SOTON/O.Q. 3101311,7.05,,S,Mr
660,0,1,"Newell, Mr. Arthur Webster",male,58.0,0,2,35273,113.275,D48,C,Mr
449,1,3,"Baclini, Miss. Marie Catherine",female,5.0,2,1,2666,19.2583,,C,Miss
821,1,1,"Hays, Mrs. Charles Melville (Clara Jennings Gregg)",female,52.0,1,1,12749,93.5,B69,S,Mrs
361,0,3,"Skoog, Mr. Wilhelm",male,40.0,1,4,347088,27.9,,S,Mr
803,1,1,"Carter, Master. William Thornton II",male,11.0,1,2,113760,120.0,B96 B98,S,Master
281,0,3,"Duane, Mr. Frank",male,65.0,0,0,336439,7.75,,Q,Mr
586,1,1,"Taussig, Miss. Ruth",female,18.0,0,2,110413,79.65,E68,S,Miss
71,0,2,"Jenkin, Mr. Stephen Curnow",male,32.0,0,0,C.A. 33111,10.5,,S,Mr
300,1,1,"Baxter, Mrs. James (Helene DeLaudeniere Chaput)",female,50.0,0,1,PC 17558,247.5208,B58 B60,C,Mrs
212,1,2,"Cameron, Miss. Clear Annie",female,35.0,0,0,F.C.C. 13528,21.0,,S,Miss
45,1,3,"Devaney, Miss. Margaret Delia",female,19.0,0,0,330958,7.8792,,Q,Miss
409,0,3,"Birkeland, Mr. Hans Martin Monsen",male,21.0,0,0,312992,7.775,,S,Mr
447,1,2,"Mellinger, Miss. Madeleine Violet",female,13.0,0,1,250644,19.5,,S,Miss
427,1,2,"Clarke, Mrs. Charles V (Ada Maria Winfield)",female,28.0,1,0,2003,26.0,,S,Mrs
169,0,1,"Baumann, Mr. John D",male,30.0,0,0,PC 17318,25.925,,S,Mr
197,0,3,"Mernagh, Mr. Robert",male,30.0,0,0,368703,7.75,,Q,Mr
773,0,2,"Mack, Mrs. (Mary)",female,57.0,0,0,S.O./P.P. 3,10.5,E77,S,Mrs
73,0,2,"Hood, Mr. Ambrose Jr",male,21.0,0,0,S.O.C. 14879,73.5,,S,Mr
423,0,3,"Zimmerman, Mr. Leo",male,29.0,0,0,315082,7.875,,S,Mr
533,0,3,"Elias, Mr. Joseph Jr",male,17.0,1,1,2690,7.2292,,C,Mr
592,1,1,"Stephenson, Mrs. Walter Bertram (Martha Eustis)",female,52.0,1,0,36947,78.2667,D20,C,Mrs
313,0,2,"Lahtinen, Mrs. William (Anna Sylfven)",female,26.0,1,1,250651,26.0,,S,Mrs
312,1,1,"Ryerson, Miss. Emily Borie",female,18.0,2,2,PC 17608,262.375,B57 B59 B63 B66,C,Miss
890,1,1,"Behr, Mr. Karl Howell",male,26.0,0,0,111369,30.0,C148,C,Mr
836,1,1,"Compton, Miss. Sara Rebecca",female,39.0,1,1,PC 17756,83.1583,E49,C,Miss
834,0,3,"Augustsson, Mr. Albert",male,23.0,0,0,347468,7.8542,,S,Mr
606,0,3,"Lindell, Mr. Edvard Bengtsson",male,36.0,1,0,349910,15.55,,S,Mr
768,0,3,"Mangan, Miss. Mary",female,30.5,0,0,364850,7.75,,Q,Miss
540,1,1,"Frolicher, Miss. Hedwig Margaritha",female,22.0,0,2,13568,49.5,B39,C,Miss
358,0,2,"Funk, Miss. Annie Clemmer",female,38.0,0,0,237671,13.0,,S,Miss
255,0,3,"Rosblom, Mrs. Viktor (Helena Wilhelmina)",female,41.0,0,2,370129,20.2125,,S,Mrs
267,0,3,"Panula, Mr. Ernesti Arvid",male,16.0,4,1,3101295,39.6875,,S,Mr
67,1,2,"Nye, Mrs. (Elizabeth Ramell)",female,29.0,0,0,C.A. 29395,10.5,F33,S,Mrs
320,1,1,"Spedden, Mrs. Frederic Oakley (Margaretta Corning Stone)",female,40.0,1,1,16966,134.5,E34,C,Mrs
779,0,3,"Kilgannon, Mr. Thomas J",male,30.0,0,0,36865,7.7375,,Q,Mr
175,0,1,"Smith, Mr. James Clinch",male,56.0,0,0,17764,30.6958,A7,C,Mr
494,0,1,"Artagaveytia, Mr. Ramon",male,71.0,0,0,PC 17609,49.5042,,C,Mr
216,1,1,"Newell, Miss. Madeleine",female,31.0,1,0,35273,113.275,D36,C,Miss
310,1,1,"Francatelli, Miss. Laura Mabel",female,30.0,0,0,PC 17485,56.9292,E36,C,Miss
823,0,1,"Reuchlin, Jonkheer. John George",male,38.0,0,0,19972,0.0,,S,Rare
251,0,3,"Reed, Mr. James George",male,30.0,0,0,362316,7.25,,S,Mr
166,1,3,"Goldsmith, Master. Frank John William ""Frankie""",male,9.0,0,2,363291,20.525,,S,Master
542,0,3,"Andersson, Miss. Ingeborg Constanzia",female,9.0,4,2,347082,31.275,,S,Miss
626,0,1,"Sutton, Mr. Frederick",male,61.0,0,0,36963,32.3208,D50,S,Mr
389,0,3,"Sadlier, Mr. Matthew",male,30.0,0,0,367655,7.7292,,Q,Mr
77,0,3,"Staneff, Mr. Ivan",male,30.0,0,0,349208,7.8958,,S,Mr
282,0,3,"Olsson, Mr. Nils Johan Goransson",male,28.0,0,0,347464,7.8542,,S,Mr
713,1,1,"Taylor, Mr. Elmer Zebley",male,48.0,1,0,19996,52.0,C126,S,Mr
339,1,3,"Dahl, Mr. Karl Edwart",male,45.0,0,0,7598,8.05,,S,Mr
328,1,2,"Ball, Mrs. (Ada E Hall)",female,36.0,0,0,28551,13.0,D,S,Mrs
322,0,3,"Danoff, Mr. Yoto",male,27.0,0,0,349219,7.8958,,S,Mr
546,0,1,"Nicholson, Mr. Arthur Ernest",male,64.0,0,0,693,26.0,,S,Mr
591,0,3,"Rintamaki, Mr. Matti",male,35.0,0,0,STON/O 2. 3101273,7.125,,S,Mr
292,1,1,"Bishop, Mrs. Dickinson H (Helen Walton)",female,19.0,1,0,11967,91.0792,B49,C,Mrs
466,0,3,"Goncalves, Mr. Manuel Estanslas",male,38.0,0,0,SOTON/O.Q. 3101306,7.05,,S,Mr
815,0,3,"Tomlin, Mr. Ernest Portage",male,30.5,0,0,364499,8.05,,S,Mr
443,0,3,"Petterson, Mr. Johan Emil",male,25.0,1,0,347076,7.775,,S,Mr
671,1,2,"Brown, Mrs. Thomas William Solomon (Elizabeth Catherine Ford)",female,40.0,1,1,29750,39.0,,S,Mrs
463,0,1,"Gee, Mr. Arthur H",male,47.0,0,0,111320,38.5,E63,S,Mr
287,1,3,"de Mulder, Mr. Theodore",male,30.0,0,0,345774,9.5,,S,Mr
210,1,1,"Blank, Mr. Henry",male,40.0,0,0,112277,31.0,A31,C,Mr
670,1,1,"Taylor, Mrs. Elmer Zebley (Juliet Cummins Wright)",female,34.0,1,0,19996,52.0,C126,S,Mrs
228,0,3,"Lovell, Mr. John Hall (""Henry"")",male,20.5,0,0,A/5 21173,7.25,,S,Mr
850,1,1,"Goldenberg, Mrs. Samuel L (Edwiga Grabowska)",female,34.0,1,0,17453,89.1042,C92,C,Mrs
513,1,1,"McGough, Mr. James Robert",male,36.0,0,0,PC 17473,26.2875,E25,S,Mr
528,0,1,"Farthing, Mr. John",male,30.0,0,0,PC 17483,221.7792,C95,S,Mr
877,0,3,"Gustafsson, Mr. Alfred Ossian",male,20.0,0,0,7534,9.8458,,S,Mr
97,0,1,"Goldschmidt, Mr. George B",male,71.0,0,0,PC 17754,34.6542,A5,C,Mr
293,0,2,"Levy, Mr. Rene Jacques",male,36.0,0,0,SC/Paris 2163,12.875,D,C,Mr
324,1,2,"Caldwell, Mrs. Albert Francis (Sylvia Mae Harbaugh)",female,22.0,1,1,248738,29.0,,S,Mrs
737,0,3,"Ford, Mrs. Edward (Margaret Ann Watson)",female,48.0,1,3,W./C. 6608,34.375,,S,Mrs
530,0,2,"Hocking, Mr. Richard George",male,23.0,2,1,29104,11.5,,S,Mr
219,1,1,"Bazzani, Miss. Albina",female,32.0,0,0,11813,76.2917,D15,C,Miss
276,1,1,"Andrews, Miss. Kornelia Theodosia",female,63.0,1,0,13502,77.9583,D7,S,Miss
79,1,2,"Caldwell, Master. Alden Gates",male,0.83,0,2,248738,29.0,,S,Master
786,0,3,"Harmer, Mr. Abraham (David Lishin)",male,25.0,0,0,374887,7.25,,S,Mr
605,1,1,"Homer, Mr. Harry (""Mr E Haven"")",male,35.0,0,0,111426,26.55,,C,Mr
797,1,1,"Leader, Dr. Alice (Farnham)",female,49.0,0,0,17465,25.9292,D17,S,Rare
140,0,1,"Giglio, Mr. Victor",male,24.0,0,0,PC 17593,79.2,B86,C,Mr
579,0,3,"Caram, Mrs. Joseph (Maria Elias)",female,34.0,1,0,2689,14.4583,,C,Mrs
495,0,3,"Stanley, Mr. Edward Roland",male,21.0,0,0,A/4 45380,8.05,,S,Mr
360,1,3,"Mockler, Miss. Helen Mary ""Ellie""",female,22.0,0,0,330980,7.8792,,Q,Miss
66,1,3,"Moubarek, Master. Gerios",male,3.0,1,1,2661,15.2458,,C,Master
482,0,2,"Frost, Mr. Anthony Wood ""Archie""",male,30.0,0,0,239854,0.0,,S,Mr
778,1,3,"Emanuel, Miss. Virginia Ethel",female,5.0,0,0,364516,12.475,,S,Miss
600,1,1,"Duff Gordon, Sir. Cosmo Edmund (""Mr Morgan"")",male,49.0,1,0,PC 17485,56.9292,A20,C,Rare
831,1,3,"Yasbeck, Mrs. Antoni (Selini Alexander)",female,15.0,1,0,2659,14.4542,,C,Mrs
307,1,1,"Fleming, Miss. Margaret",female,22.0,0,0,17421,110.8833,,C,Miss
232,0,3,"Larsson, Mr. Bengt Edvin",male,29.0,0,0,347067,7.775,,S,Mr
846,0,3,"Abbing, Mr. Anthony",male,42.0,0,0,C.A. 5547,7.55,,S,Mr
50,0,3,"Arnold-Franchi, Mrs. Josef (Josefine Franchi)",female,18.0,1,0,349237,17.8,,S,Mrs
653,0,3,"Kalvik, Mr. Johannes Halvorsen",male,21.0,0,0,8475,8.4333,,S,Mr
855,0,2,"Carter, Mrs. Ernest Courtenay (Lilian Hughes)",female,44.0,1,0,244252,26.0,,S,Mrs
343,0,2,"Collander, Mr. Erik Gustaf",male,28.0,0,0,248740,13.0,,S,Mr
595,0,2,"Chapman, Mr. John Henry",male,37.0,1,0,SC/AH 29037,26.0,,S,Mr
886,0,3,"Rice, Mrs. William (Margaret Norton)",female,39.0,0,5,382652,29.125,,Q,Mrs
417,1,2,"Drew, Mrs. James Vivian (Lulu Thorne Christian)",female,34.0,1,1,28220,32.5,,S,Mrs
214,0,2,"Givard, Mr. Hans Kristensen",male,30.0,0,0,250646,13.0,,S,Mr
34,0,2,"Wheadon, Mr. Edward H",male,66.0,0,0,C.A. 24579,10.5,,S,Mr
32,1,1,"Spencer, Mrs. William Augustus (Marie Eugenie)",female,34.0,1,0,PC 17569,146.5208,B78,C,Mrs
669,0,3,"Cook, Mr. Jacob",male,43.0,0,0,A/5 3536,8.05,,S,Mr
585,0,3,"Paulner, Mr. Uscher",male,30.0,0,0,3411,8.7125,,C,Mr
515,0,3,"Coleff, Mr. Satio",male,24.0,0,0,349209,7.4958,,S,Mr
689,0,3,"Fischer, Mr. Eberhard Thelander",male,18.0,0,0,350036,7.7958,,S,Mr
110,1,3,"Moran, Miss. Bertha",female,22.0,1,0,371110,24.15,,Q,Miss
78,0,3,"Moutal, Mr. Rahamin Haim",male,30.0,0,0,374746,8.05,,S,Mr
612,0,3,"Jardin, Mr. Jose Neto",male,30.0,0,0,SOTON/O.Q. 3101305,7.05,,S,Mr
644,1,3,"Foo, Mr. Choong",male,30.0,0,0,1601,56.4958,,S,Mr
83,1,3,"McDermott, Miss. Brigdet Delia",female,22.0,0,0,330932,7.7875,,Q,Miss
519,1,2,"Angle, Mrs. William A (Florence ""Mary"" Agnes Hughes)",female,36.0,1,0,226875,26.0,,S,Mrs
658,0,3,"Bourke, Mrs. John (Catherine)",female,32.0,1,1,364849,15.5,,Q,Mrs
297,0,3,"Hanna, Mr. Mansour",male,23.5,0,0,2693,7.2292,,C,Mr
508,1,1,"Bradley, Mr. George (""George Arthur Brayton"")",male,30.0,0,0,111427,26.55,,S,Mr
809,0,2,"Meyer, Mr. August",male,39.0,0,0,248723,13.0,,S,Mr
376,1,1,"Meyer, Mrs. Edgar Joseph (Leila Saks)",female,34.0,1,0,PC 17604,82.1708,,C,Mrs
6,0,3,"Moran, Mr. James",male,30.0,0,0,330877,8.4583,,Q,Mr
55,0,1,"Ostby, Mr. Engelhart Cornelius",male,65.0,0,1,113509,61.9792,B30,C,Mr
399,0,2,"Pain, Dr. Alfred",male,23.0,0,0,244278,10.5,,S,Rare
458,1,1,"Kenyon, Mrs. Frederick R (Marion)",female,34.0,1,0,17464,51.8625,D21,S,Mrs
522,0,3,"Vovk, Mr. Janko",male,22.0,0,0,349252,7.8958,,S,Mr
364,0,3,"Asim, Mr. Adola",male,35.0,0,0,SOTON/O.Q. 3101310,7.05,,S,Mr
98,1,1,"Greenfield, Mr. William Bertram",male,23.0,0,1,PC 17759,63.3583,D10 D12,C,Mr
418,1,2,"Silven, Miss. Lyyli Karoliina",female,18.0,0,2,250652,13.0,,S,Miss
573,1,1,"Flynn, Mr. John Irwin (""Irving"")",male,36.0,0,0,PC 17474,26.3875,E25,S,Mr
853,0,3,"Boulos, Miss. Nourelain",female,9.0,1,1,2678,15.2458,,C,Miss
434,0,3,"Kallio, Mr. Nikolai Erland",male,17.0,0,0,STON/O 2. 3101274,7.125,,S,Mr
774,0,3,"Elias, Mr. Dibo",male,30.0,0,0,2674,7.225,,C,Mr
26,1,3,"Asplund, Mrs. Carl Oscar (Selma Augusta Emilia Johansson)",female,38.0,1,5,347077,31.3875,,S,Mrs
85,1,2,"Ilett, Miss. Bertha",female,17.0,0,0,SO/C 14885,10.5,,S,Miss
11,1,3,"Sandstrom, Miss. Marguerite Rut",female,4.0,1,1,PP 9549,16.7,G6,S,Miss
